{"count":1,"self":85.3600512,"total":1152.5234968,"children":{"InitializeActuators":{"count":6,"self":0.0029996999999999997,"total":0.0029996999999999997,"children":null},"InitializeSensors":{"count":6,"self":0.003002,"total":0.003002,"children":null},"AgentSendState":{"count":117017,"self":5.0597316,"total":41.2392867,"children":{"CollectObservations":{"count":140424,"self":0.3518975,"total":0.3518975,"children":null},"WriteActionMask":{"count":140424,"self":0.0761526,"total":0.0761526,"children":null},"RequestDecision":{"count":140424,"self":0.4533755,"total":35.751505,"children":{"AgentInfo.ToProto":{"count":140424,"self":0.4222379,"total":35.2981295,"children":{"GenerateSensorData":{"count":140424,"self":34.551846399999995,"total":34.875891599999996,"children":{"RayPerceptionSensor.Perceive":{"count":140424,"self":0.32404459999999996,"total":0.32404459999999996,"children":null}}}}}}}}},"DecideAction":{"count":117017,"self":924.50826239999992,"total":924.50830769999993,"children":null},"AgentAct":{"count":117017,"self":100.5053568,"total":101.4088486,"children":{"AgentInfo.ToProto":{"count":2680,"self":0.010115899999999999,"total":0.9034943,"children":{"GenerateSensorData":{"count":2680,"self":0.8913415,"total":0.89337839999999991,"children":{"RayPerceptionSensor.Perceive":{"count":2680,"self":0.0020369,"total":0.0020369,"children":null}}}}}}}},"gauges":{"simplePrey1.CumulativeReward":{"count":2680,"max":-1.80000043,"min":-511.003662,"runningAverage":-14.51987,"value":-6.099999,"weightedAverage":-5.86380625}},"metadata":{"timer_format_version":"0.1.0","start_time_seconds":"1661411068","unity_version":"2021.3.8f1","command_line_arguments":"D:\\software\\unity hub\\2021.3.8f1\\Editor\\Unity.exe -projectpath D:\\Unity_part_4\\The Lost World -useHub -hubIPC -cloudEnvironment production -licensingIpc LicenseClient-NIZAM -hubSessionId d275a210-2433-11ed-80c8-1fdfe65f4925 -accessToken LiqwKjBpFNXAXlW4lp4BmHKoGIQ1txMR_cSc_mmEj3c011f","communication_protocol_version":"1.5.0","com.unity.ml-agents_version":"2.2.1-exp.1","scene_name":"Roller 1","end_time_seconds":"1661412221"}}